{
  "urls": [
    "channel2.m4a",
    "channel2.mp3",
    "channel2.ogg"
  ],
  "sprite": {
    "ButtonBetUp": [
      0,
      191.2925170068027
    ],
    "ButtonBetDown": [
      1050,
      238.59410430839011
    ],
    "ButtonGeneric": [
      2100,
      457.39229024943296
    ],
    "HelpPageClose": [
      3150,
      1496.8707482993193
    ],
    "Reveal1": [
      5199.999999999999,
      1257.301587301587
    ]
  }
}