{
  "urls": [
    "channel3.m4a",
    "channel3.mp3",
    "channel3.ogg"
  ],
  "sprite": {
    "ButtonBetUp": [
      0,
      191.2925170068027
    ],
    "ButtonBetDown": [
      1050,
      238.59410430839011
    ],
    "ButtonBetMax": [
      2100,
      855.5328798185942
    ],
    "Match1": [
      3150.0000000000005,
      1750
    ],
    "Match2": [
      5200,
      1624.9886621315195
    ]
  }
}